Time,Phase_rad,Amplitude,Phase_angle
2022-01-02 07:33:30,15488186.6788689,43.6314855550676,2.9497798030752
2022-01-02 07:39:00,7902412.32068407,37.6920709547801,-0.105638154512449
2022-01-02 07:39:30,47676769.5132411,46.424795568383,-2.89852574687718
2022-01-02 07:40:00,47678828.5206898,44.4528899122317,1.50732748609691
2022-01-02 07:40:30,47681063.9815618,42.009740611341,0.154230087406615
2022-01-02 07:41:00,47683528.580052,51.0916584222982,1.74407988139609
2022-01-02 07:41:30,4531082.30170318,41.490627203467,0.916542459819522
2022-01-02 07:42:00,47688926.6059938,32.5124726598236,2.51384286288619
2022-01-02 07:42:30,47691943.1522835,43.3361174888962,3.13118507672124
2022-01-02 07:43:00,47695040.0293182,35.0388625960849,2.39786333114149
2022-01-02 07:43:30,14979890.1471945,26.439302879652,-2.74009973831831
2022-01-02 07:44:00,47701902.2000234,28.82039972672,-2.95297213494851
2022-01-02 07:44:30,47705616.526847,50.5300816497845,-1.98866515295337
2022-01-02 07:45:00,15686088.6891062,63.8704535302589,-2.81078849278786
2022-01-02 07:45:30,15923695.050615,52.6805135523304,-1.38485594974712
2022-01-02 07:46:00,16162649.8419103,66.826697606073,-2.41397806434913
2022-01-02 07:46:30,16402682.3090171,56.8852930843842,-0.191976127209473
2022-01-02 07:47:00,16643931.5962909,54.9224623734426,-0.0877568113750993
2022-01-02 07:47:30,16886300.825513,71.0886063130491,1.55142616397331
2022-01-02 07:48:00,47736021.9929224,68.2103063400174,-0.856291129889207
2022-01-02 07:48:30,17374339.9178726,79.7902820022822,0.508235921576365
2022-01-02 07:49:00,17619982.7562139,69.1671689289565,2.21699303881278
2022-01-02 07:49:30,17866753.4600747,52.3962251905938,0.817914335190165
2022-01-02 07:50:00,18114654.2340088,77.1791515585012,-1.48444629459285
2022-01-02 07:50:30,18363483.0267016,69.5584666774045,0.60371158226992
2022-01-02 07:51:00,18613410.6735444,67.5616115084155,1.98859069248882
2022-01-02 07:51:30,18864356.1969947,56.5457540687621,-2.90912780480108
2022-01-02 07:52:00,19116352.205167,58.4992098368636,-0.330885245858141
2022-01-02 07:52:30,19369294.9985778,59.7310294812137,0.271614418475873
2022-01-02 07:53:00,19623224.9906617,52.3660721783977,1.61269402567473
2022-01-02 07:53:30,19878201.7845383,62.4453350280502,0.463619933143451
2022-01-02 07:54:00,20134113.3855149,61.6240163387078,-2.07296491252248
2022-01-02 07:54:30,20390998.4052245,75.7879220916049,1.19864596671291
2022-01-02 07:55:00,20648787.5910119,61.0871691654396,-2.42553491362311
2022-01-02 07:55:30,20907568.7177063,71.5566499312473,-0.568901963779495
2022-01-02 07:56:00,21167048.0507548,52.4807460249773,2.06051594840899
2022-01-02 07:56:30,21427634.5633313,65.7279368014958,-0.25433758299927
2022-01-02 07:57:00,21688932.7953574,72.276980360217,-0.849681137951653
2022-01-02 07:57:30,21951227.0368812,80.454436981395,1.82119444131542
2022-01-02 07:58:00,22214312.5739937,88.2368508798901,-2.17687525200866
2022-01-02 07:58:30,22478219.5360087,80.0663443414737,-1.56413243211096
2022-01-02 07:59:00,22742967.4389906,81.068101019272,-1.95725387383979
2022-01-02 07:59:30,23008508.0787015,83.8301030451553,-1.29499497200401
2022-01-02 08:00:00,23274773.9581308,73.7055175337935,2.04067196686834
2022-01-02 08:00:30,23541968.6177484,88.7564656566314,-2.03808349352166
2022-01-02 08:01:00,23809782.5585062,93.0572040929699,-2.58785890142087
2022-01-02 08:01:30,24078386.3060248,103.003029913517,1.27096305511844
2022-01-02 08:02:00,24347624.3797269,96.1058889152809,-1.4289328004026
2022-01-02 08:02:30,24617687.2889876,98.6279485631211,-2.39054536278094
2022-01-02 08:03:00,24888458.2188529,97.0063133783957,0.951692404104721
2022-01-02 08:03:30,25159842.1178615,81.1241202256702,1.51091328295778
2022-01-02 08:04:00,25431946.087815,97.3419405890729,-0.425231254835243
2022-01-02 08:04:30,25704672.1180711,105.462970589965,-2.33641859196691
2022-01-02 08:05:00,25978009.0708311,96.4384007931467,-2.7940768518126
2022-01-02 08:05:30,26251992.814846,80.7606861328976,2.65461851229911
2022-01-02 08:06:00,26526554.8817069,67.5849504926109,2.0899262892343
2022-01-02 08:06:30,26801692.2529607,56.2341325190349,-1.22342127540811
2022-01-02 08:07:00,27077436.8644029,73.4429308990655,-0.482370010054779
2022-01-02 08:07:30,27353730.4544443,80.3711162215398,2.60015878471644
2022-01-02 08:08:00,27630543.2408289,89.7428794500749,-2.90853495812377
2022-01-02 08:08:30,27907911.356561,95.9069323495245,0.27499700979699
2022-01-02 08:09:00,28185735.9446243,84.6837341322241,1.25833274595236
2022-01-02 08:09:30,28464100.8842544,88.4504404755262,2.23929883384598
2022-01-02 08:10:00,28742862.6162846,84.091093504681,-2.11119462724096
2022-01-02 08:10:30,29022174.378123,79.0496588476486,-3.06900155990208
2022-01-02 08:11:00,29301864.3884081,90.1778755934155,-2.76948031351349
2022-01-02 08:11:30,29581992.2444032,83.9749975803558,1.83596486230411
2022-01-02 08:12:00,29862514.7040768,86.8460359399075,-1.07877118255934
2022-01-02 08:12:30,30143439.7261711,81.9124658682596,2.72823908648107
2022-01-02 08:13:00,30424675.4325082,70.0406229342515,3.06022688210195
2022-01-02 08:13:30,30706340.2313604,80.7606861328976,-1.05505650355663
2022-01-02 08:14:00,30988372.9635607,82.4517732043984,-1.66173960127352
2022-01-02 08:14:30,31270686.7091579,81.1241202256702,2.28482077466196
2022-01-02 08:15:00,31553344.6015217,83.7143674435156,-1.4802295229722
2022-01-02 08:15:30,31836164.1647202,63.9219477811669,-0.654077802313027
2022-01-02 08:16:00,32119389.3819826,79.4877126788724,-2.58090716415811
2022-01-02 08:16:30,32402834.2940865,94.3191764387936,1.55880452281197
2022-01-02 08:17:00,32686467.9446993,75.6223205480144,-0.341719343239754
2022-01-02 08:17:30,32970323.7690092,67.8265926015363,0.0199680863585497
2022-01-02 08:18:00,33254441.0653472,79.6801237660749,-2.04009923815655
2022-01-02 08:18:30,33538689.1172175,67.2357107234319,0.991659558446091
2022-01-02 08:19:00,33823100.6938666,62.7480161997852,-2.09780615175343
2022-01-02 08:19:30,34107723.4333374,69.3186346583524,-1.3695652477914
2022-01-02 08:20:00,34392431.1197853,86.7560958697706,2.62424368959658
2022-01-02 08:20:30,34677221.2864594,75.6832895020974,1.13368455262134
2022-01-02 08:21:00,34962160.7258933,86.6961875758217,-1.88056213912333
2022-01-02 08:21:30,35247051.2443307,73.8924387034474,2.73286251366285
2022-01-02 08:22:00,35532146.6968555,84.6252568807269,-1.34792599374759
2022-01-02 08:22:30,35817216.6139151,82.8228174194355,0.451746868767195
2022-01-02 08:23:00,36102327.8321637,73.4767604075746,-0.429688413600219
2022-01-02 08:23:30,36387461.1605934,73.1307453862483,1.94950147570955
2022-01-02 08:24:00,36672548.896904,74.8686496236267,2.71886942501735
2022-01-02 08:24:30,36957641.265376,98.866691258967,1.83721344600604
2022-01-02 08:25:00,37242615.3363674,77.991989695106,2.0385976606113
2022-01-02 08:25:30,37527596.0439292,90.3649473722301,2.59336708873601
2022-01-02 08:26:00,37812464.999619,90.2090273076252,-1.78958538337407
2022-01-02 08:26:30,38097181.2095964,84.2364391438402,-1.83861750842199
2022-01-02 08:27:00,38381860.8320258,86.1588711066143,-0.776085733388407
2022-01-02 08:27:30,38666327.5406799,81.9407623180278,1.00097103426977
2022-01-02 08:28:00,38950667.4142308,109.056109380226,1.6066308434913
2022-01-02 08:28:30,39234788.3701906,100.334432821338,-3.0769999683496
2022-01-02 08:29:00,39518754.0615741,100.91366982326,0.337610793741374
2022-01-02 08:29:30,39802491.7355899,100.438449557392,1.92952501290281
2022-01-02 08:30:00,40085946.8174338,86.6064026926455,-2.61057912965656
2022-01-02 08:30:30,40369212.1856711,99.7585205969718,-2.08554544249933
2022-01-02 08:31:00,40652158.5810877,92.5763385120825,-0.090881743694648
2022-01-02 08:31:30,40934842.5408571,96.2055219186215,-2.9212676699464
2022-01-02 08:32:00,41217212.1132972,103.514216667934,0.30346780448549
2022-01-02 08:32:30,41499259.1562549,104.688746554909,1.44117152826768
2022-01-02 08:33:00,41780939.6694124,115.371888082859,0.473822809889021
2022-01-02 08:33:30,42062231.9379268,107.040961127837,0.819320096643328
2022-01-02 08:34:00,42343179.2653119,100.960152987945,1.79887996635568
2022-01-02 08:34:30,42623717.7486183,83.3969177631605,2.34140610547696
2022-01-02 08:35:00,42903786.557305,96.6718433834455,-1.8349747285973
2022-01-02 08:35:30,43183425.9918974,87.9629933844233,-1.84566362254867
2022-01-02 08:36:00,43462614.3808773,98.1860977435578,-0.512623010446377
2022-01-02 08:36:30,43741315.0864118,97.8813611335181,-3.05775900544462
2022-01-02 08:37:00,44019548.1978837,99.6207942674007,-1.9580596777427
2022-01-02 08:37:30,44297181.1936526,83.6854585180158,2.21172614503172
2022-01-02 08:38:00,44574339.8844333,93.5728807621693,-2.96776338712806
2022-01-02 08:38:30,44850893.6729515,88.6951760333362,2.70264454878259
2022-01-02 08:39:00,45126899.3010324,91.9708075868873,0.566551742897433
2022-01-02 08:39:30,45402327.9876547,107.040961127837,-0.457951534355493
2022-01-02 08:40:00,45677116.0290696,109.963866017124,-1.24276086947977
2022-01-02 08:40:30,45951253.0879501,100.716355013213,0.441167445262321
2022-01-02 08:41:00,46224742.4232651,115.080038894444,1.56961681359054
2022-01-02 08:41:30,46497497.5167641,97.5101894009536,-2.69425412479483
2022-01-02 08:42:00,46769598.731062,105.378011716564,-1.10286891605075
2022-01-02 08:42:30,47040986.750002,96.8389339786518,-2.7069019222033
2022-01-02 08:43:00,47311639.1942488,98.5598423156596,1.53023804135714
2022-01-02 08:43:30,47581549.6335806,92.4804639878318,-1.10485597957318
2022-01-02 08:44:00,47850691.0737992,100.878821494927,0.0927295655894515
2022-01-02 08:44:30,48119014.1352396,106.426553926959,-0.274373108069476
2022-01-02 08:45:00,48386503.9126739,102.979315319744,1.73816393948102
2022-01-02 08:45:30,48653126.9387109,90.0533762750648,-2.2043092410526
2022-01-02 08:46:00,48918967.3593926,94.1239186908966,2.92921098303242
2022-01-02 08:46:30,49183911.0096254,102.529773979536,-2.77858932171544
2022-01-02 08:47:00,49447944.8691568,108.642562361707,-0.932036249512804
2022-01-02 08:47:30,49711059.9045637,107.869831416609,-0.564552784542508
2022-01-02 08:48:00,49973283.2715722,104.688746554909,0.346845860044881
2022-01-02 08:48:30,50234530.1214566,115.94445940498,-1.36515691699619
2022-01-02 08:49:00,50494767.0173375,113.46188645161,-1.43832879568666
2022-01-02 08:49:30,50754032.2937546,97.9489985408699,0.762758181778287
2022-01-02 08:50:00,51012261.9526321,94.6564036549218,-2.21130412989766
2022-01-02 08:50:30,51269502.8783074,94.9510999202198,-1.17529007405428
2022-01-02 08:51:00,51525647.4264306,101.519623863114,3.0406006759437
2022-01-02 08:51:30,51780732.7574914,104.773149722327,-2.66862468875984
2022-01-02 08:52:00,52034757.5632407,109.774129027371,-0.761659429625294
2022-01-02 08:52:30,52287610.1694247,98.9691863869103,-2.38179221473368
2022-01-02 08:53:00,52539325.7933249,88.6033209444204,2.55551703894708
2022-01-02 08:53:30,52789957.9443465,104.954242865232,-1.5553647549879
2022-01-02 08:54:00,53039363.1863698,100.461579027839,-1.07092459268522
2022-01-02 08:54:30,53287611.7367413,111.173172728159,-1.17203982733266
2022-01-02 08:55:00,53534622.7944064,105.900985107168,-0.978355786825042
2022-01-02 08:55:30,53780377.9418262,109.181737169398,-0.0578557811027759
2022-01-02 08:56:00,54024883.431833,91.3061435293176,1.55910743693531
2022-01-02 08:56:30,54268153.2283792,99.1060118647831,-1.01306966936042
2022-01-02 08:57:00,54510090.4136946,104.62850021006,2.1219927810243
2022-01-02 08:57:30,54750749.1560719,114.524920770789,2.30073441753796
2022-01-02 08:58:00,54990024.3875311,107.164267555819,1.26932564216088
2022-01-02 08:58:30,55227983.1408788,121.018007996755,-3.05446545309221
2022-01-02 08:59:00,55464556.0369526,108.405171290277,1.63160768689949
2022-01-02 08:59:30,55699750.4082096,123.495177875225,-2.4727389817908
2022-01-02 09:00:00,55933460.8791172,105.937568328949,-1.36251718280143
2022-01-02 09:00:30,56165811.2751941,113.867556195021,3.12408552601739
2022-01-02 09:01:00,56396664.4771225,115.851056852473,-0.468542504098613
2022-01-02 09:01:30,56626058.6956549,105.900985107168,0.937610126875851
2022-01-02 09:02:00,56853986.8096448,110.052522142054,0.221396754917388
2022-01-02 09:02:30,57080389.8771262,115.186080353668,1.27270452910858
2022-01-02 09:03:00,57305235.865124,125.58853662252,-2.80870042926363
2022-01-02 09:03:30,57528537.7516904,121.380801250939,0.955234115940517
2022-01-02 09:04:00,57750215.435095,104.339800017931,1.57781617466506
2022-01-02 09:04:30,57970366.1213854,103.371305235058,2.01731355494952
2022-01-02 09:05:00,58188911.6344695,118.877592169721,-0.504141951558455
2022-01-02 09:05:30,58405795.0329611,109.900583943252,-0.0960835704081705
2022-01-02 09:06:00,58621037.0493873,120.018998922936,-1.15872537116356
2022-01-02 09:06:30,58834562.4743922,108.430135377405,2.77998563700042
2022-01-02 09:07:00,59046439.0358305,130.85791612451,-2.2335047882004
2022-01-02 09:07:30,59256588.7051861,124.451461177138,0.0200669067743472
2022-01-02 09:08:00,59464997.2348891,115.557995540213,1.57631598381187
2022-01-02 09:08:30,59671699.0739409,126.750593044425,-0.8148677824357
2022-01-02 09:09:00,59876589.272389,114.419487981699,0.993898490174251
2022-01-02 09:09:30,60079674.8971084,117.611557158073,1.5031192278137
2022-01-02 09:10:00,60280973.7762561,118.522280719571,-0.30860447591128
2022-01-02 09:10:30,60480413.6123928,112.05984050506,-1.34048830142471
2022-01-02 09:11:00,60678054.5487546,130.301675446865,2.00203619163893
2022-01-02 09:11:30,60873783.0383017,120.323373580493,2.98607936633574
2022-01-02 09:12:00,61067652.901089,132.083935364336,-1.116971675577
2022-01-02 09:12:30,61259626.0044658,142.593588967657,1.82571482014562
2022-01-02 09:13:00,61449593.0741523,126.808977292078,3.07082414415329
2022-01-02 09:13:30,61637671.957879,122.546242640942,1.08556571665093
2022-01-02 09:14:00,61823785.4298109,133.536503332719,0.325513632322526
2022-01-02 09:14:30,62007868.6904152,130.511866281993,-1.17701178579486
2022-01-02 09:15:00,62190003.1019236,123.836879522855,2.54199731384344
2022-01-02 09:15:30,62370103.7459315,138.308859458906,1.96236029900018
2022-01-02 09:16:00,62548093.2068539,112.654877588376,1.34990083139121
2022-01-02 09:16:30,62724107.9423713,121.352855506082,-1.06777708512027
2022-01-02 09:17:00,62898009.4341494,132.083935364336,0.704254225863328
2022-01-02 09:17:30,63069797.3523515,136.536887991945,0.0529727756772414
2022-01-02 09:18:00,63239494.7566166,141.954773144478,1.18846149317362
2022-01-02 09:18:30,63407030.2751302,135.94085591089,1.85394446912897
2022-01-02 09:19:00,63572369.3980626,121.674620397913,-1.0444815425083
2022-01-02 09:19:30,63735599.1108305,141.400192271124,-2.20280886939956
2022-01-02 09:20:00,63896615.6789646,141.09122364581,1.45864345321304
2022-01-02 09:20:30,64055383.9034624,127.658577271977,-0.126385827949185
2022-01-02 09:21:00,64211963.6615487,129.404685022418,2.65384553579042
2022-01-02 09:21:30,64366276.6342596,130.541921209837,0.595412149858713
2022-01-02 09:22:00,64518328.5466017,134.67903626291,-0.576679546952567
2022-01-02 09:22:30,64668063.4263577,120.711876165124,-0.28597895496082
2022-01-02 09:23:00,64815533.5766175,121.185316099204,-2.77806398168088
2022-01-02 09:23:30,64960635.6163726,115.757729543206,1.6633924261009
2022-01-02 09:24:00,48344715.7737807,124.925184638749,3.06474879641405
2022-01-02 09:24:30,48321050.8948434,122.857026524939,0.661678375420277
2022-01-02 09:25:00,48296821.2844033,121.548610917181,-0.98621722294234
2022-01-02 09:25:30,48272010.3334133,140.249073195454,0.361570808015867
2022-01-02 09:26:00,48246512.2172244,139.926509278159,-0.588641615509449
2022-01-02 09:26:30,48220428.7105493,135.440952710682,-2.59310653290625
2022-01-02 09:27:00,48193721.7677401,130.872982566136,0.28482507083772
2022-01-02 09:27:30,48166387.895029,130.331681970909,-1.73179986470057
2022-01-02 09:28:00,48138409.0210847,131.537626176369,-1.58157123928082
2022-01-02 09:28:30,48109823.8704537,133.828928253262,1.76094538005237
2022-01-02 09:29:00,48080540.9232888,128.691540611263,-1.5426880115215
2022-01-02 09:29:30,48050626.8433225,125.141109180239,-1.37740682129552
2022-01-02 09:30:00,48020068.0108111,135.051682785504,1.20341583794189
2022-01-02 09:30:30,47988814.1441065,128.780468289161,-0.0995708265124244
2022-01-02 09:31:00,47956936.7208385,134.849704776944,-2.92377550227153
2022-01-02 09:31:30,47924327.0027166,128.721176345373,-2.91015308921817
2022-01-02 09:32:00,47891104.6979057,140.216783370576,0.268940290512307
2022-01-02 09:32:30,47857134.4054156,125.299691003669,-3.12377919899391
2022-01-02 09:33:00,47822516.7066163,136.207179529909,-0.471535891982493
2022-01-02 09:33:30,47787180.0125119,129.211152442593,-0.531472732146678
2022-01-02 09:34:00,47751135.5163122,127.30633045862,1.60643490458834
2022-01-02 09:34:30,47714395.1082799,127.130571701169,-1.01710632190819
2022-01-02 09:35:00,47676933.6301889,125.921532345884,-2.14439593362539
2022-01-02 09:35:30,47638754.3869894,134.384753801023,1.52951624710624
2022-01-02 09:36:00,47599852.3214646,131.68915167332,-1.33577177588346
2022-01-02 09:36:30,47560208.2013891,120.586863727985,1.44344106305856
2022-01-02 09:37:00,47519865.4363042,138.484127772198,3.01121358557312
2022-01-02 09:37:30,47478743.5365227,133.336791367218,-1.72391777869976
2022-01-02 09:38:00,47436873.0254839,141.416472507015,-1.0880695439502
2022-01-02 09:38:30,47394242.006699,123.367282976632,-0.69454522599524
2022-01-02 09:39:00,47350861.0359888,132.83117061069,-2.55389466863235
2022-01-02 09:39:30,47306712.4273496,129.792620236054,0.780619716562736
2022-01-02 09:40:00,47261810.5174272,135.347425721871,-1.48709756183794
2022-01-02 09:40:30,47216116.5141575,136.003473405664,2.11637182329606
2022-01-02 09:41:00,47169618.9185157,127.30633045862,0.0920031753166239
2022-01-02 09:41:30,47122368.7153616,127.614493174916,-0.557640965963204
2022-01-02 09:42:00,47074309.777142,130.587016579352,0.588554058718546
2022-01-02 09:42:30,47025479.658763,146.133571982876,-2.89680287536632
2022-01-02 09:43:00,46975796.4103765,132.63251351319,1.28421977618586
2022-01-02 09:43:30,46925341.0063988,137.8002482618,-0.141741271312535
2022-01-02 09:44:00,46874054.6486142,133.59801332722,-3.14104864079117
2022-01-02 09:44:30,46821967.3589937,155.614477908086,-2.82447261835192
2022-01-02 09:45:00,46769020.1246803,132.86175963958,-1.65620245182921
2022-01-02 09:45:30,46715259.6839655,146.352450977841,3.11975632227748
2022-01-02 09:46:00,46660662.8609402,155.542831291179,0.893865164210196
2022-01-02 09:46:30,-89043312.2877666,140.750517401225,-1.88415989689471
2022-01-02 09:47:00,-88902775.5886697,152.475476765992,-1.19082869440168
2022-01-02 09:47:30,-88763649.6774824,162.274395505746,2.43128708594452
2022-01-02 09:48:00,104208942.772905,157.724805309859,2.24113867220872
2022-01-02 09:48:30,46374898.5262145,160.86071694831,2.11009523160871
2022-01-02 09:49:00,103188179.518399,153.620792067729,-1.01154817168291
2022-01-02 09:49:30,-88220572.1970173,151.060180745312,-0.927088545415197
2022-01-02 09:50:00,-88088134.5346924,150.799534180179,-0.244668445849256
2022-01-02 09:50:30,101623637.372564,150.262288889407,1.40003053260848
2022-01-02 09:51:00,46067365.9056293,153.05587341205,-0.00563002199846552
2022-01-02 09:51:30,68850601.04898,151.42584296694,3.09002778384244
2022-01-02 09:52:00,45938071.6727066,152.686275002635,1.14869838670201
2022-01-02 09:52:30,45872106.5730187,155.060078679425,-3.07163477592097
2022-01-02 09:53:00,45805192.2727334,154.063585174787,-1.44839857817465
2022-01-02 09:53:30,45737353.5627157,147.349952436892,-0.606654686004772
2022-01-02 09:54:00,-87077798.3012332,145.931820389369,-0.208603748721719
2022-01-02 09:54:30,-86957543.413403,150.990630976902,0.79563239858847
2022-01-02 09:55:00,-86838745.8176443,156.0091246211,2.2067882604782
2022-01-02 09:55:30,-86721153.8813084,159.863751396749,-1.95308500627592
2022-01-02 09:56:00,-86604997.2405769,157.144794728065,-2.55912735159323
2022-01-02 09:56:30,-86490206.24438,155.131502929341,0.92469272508269
2022-01-02 09:57:00,-86376691.0868675,146.251389195779,-2.22673961742636
2022-01-02 09:57:30,93799972.4967206,157.797456994345,1.78905481120302
2022-01-02 09:58:00,93208672.783111,164.740355943575,0.0783332616995878
2022-01-02 09:58:30,92613111.6863261,159.624665429939,-3.01592528881348
2022-01-02 09:59:00,92013293.3764871,171.316818271581,2.95958555546741
2022-01-02 09:59:30,91409233.0076443,168.927361963803,1.7429896982405
2022-01-02 10:00:00,90800940.3408081,159.092607534022,3.09529751810495
2022-01-02 10:00:30,90188422.3497266,144.510698425396,1.4238864438811
2022-01-02 10:01:00,89571734.334725,154.63222322497,1.76359915848929
2022-01-02 10:01:30,88950850.6373235,171.731514507625,-2.69448803257769
2022-01-02 10:02:00,88325769.4900652,156.494831922487,-1.15146158292712
2022-01-02 10:02:30,87696534.314315,158.708431655087,-0.451439046545678
2022-01-02 10:03:00,87063172.8595981,151.94975354069,2.02236376076542
2022-01-02 10:03:30,86425690.4001149,163.964564557851,-1.02222364882425
2022-01-02 10:04:00,85784081.3318811,151.844826614122,-2.62281479336462
2022-01-02 10:04:30,85138409.693939,172.524191162784,-1.57222056983541
2022-01-02 10:05:00,84488618.2421587,164.702427441642,1.43409703922731
2022-01-02 10:05:30,83834774.3073064,165.82499772034,-1.67131946621335
2022-01-02 10:06:00,83176888.7848016,169.18038151781,0.00694925814858647
2022-01-02 10:06:30,82514941.0919867,163.907942982294,-1.54738362972571
2022-01-02 10:07:00,81849005.9504417,164.79726507404,-0.727776614388213
2022-01-02 10:07:30,81179077.2822452,167.764474183665,2.67103429531303
2022-01-02 10:08:00,80505167.8816785,165.538875223625,2.59377443701837
2022-01-02 10:08:30,79827287.3047879,157.000125656149,2.31330484043749
2022-01-02 10:09:00,79145469.7878951,173.440293586704,-1.63316467961108
2022-01-02 10:09:30,78459717.1391698,166.398727197393,-1.15427915299535
2022-01-02 10:10:00,-83889744.2761278,167.706540392443,-2.99243470332627
2022-01-02 10:10:30,-83811474.8710963,169.70709523891,3.05641058489259
2022-01-02 10:11:00,-83734581.2048428,164.418241882152,3.1008747835471
2022-01-02 10:11:30,-83658782.5515999,171.810618005541,1.40657185508228
2022-01-02 10:12:00,-83584272.5144054,173.740073138577,-0.850791422695202
2022-01-02 10:12:30,-83511012.8305562,175.024965210579,-3.10762392116602
2022-01-02 10:13:00,-83439003.3305193,161.733505579985,1.08879268114691
2022-01-02 10:13:30,-83368119.7441106,171.198517670286,-2.22143427403309
2022-01-02 10:14:00,-83298514.3044156,172.147214573708,-1.90857217904126
2022-01-02 10:14:30,-83230147.5041286,153.091119887046,-2.44761254713271
2022-01-02 10:15:00,-83163008.8557001,153.886314981995,0.365808679079777
2022-01-02 10:15:30,-83096974.235065,165.729568647721,-1.291134626511
2022-01-02 10:16:00,-83032226.4770621,154.081323421593,-1.75772223491423
2022-01-02 10:16:30,-82968596.6466596,158.708431655087,-1.74492553420845
2022-01-02 10:17:00,-82906149.2290961,160.195384806218,-2.90613009409827
2022-01-02 10:17:30,-82844900.5521902,169.121958773965,-2.71959855066499
2022-01-02 10:18:00,-82784811.0916344,176.746165267146,0.639864682804395
2022-01-02 10:18:30,-82725832.0886148,175.751888368596,-0.617594270471865
2022-01-02 10:19:00,-82668065.7795092,188.538479361395,-1.91420288960409
2022-01-02 10:19:30,-82611410.2971552,194.849815992271,-1.91376369792226
2022-01-02 10:20:00,-82555902.2933935,194.670435300143,0.430994356544895
2022-01-02 10:20:30,-82501563.6364749,182.242640818538,2.10137652728729
2022-01-02 10:21:00,-82448270.2487668,179.535361292843,1.5113090532253
2022-01-02 10:21:30,-82396129.536667,175.065270838337,-1.93145543958976
2022-01-02 10:22:00,-82345119.8241034,178.032790885373,0.882784525347147
2022-01-02 10:22:30,-82295164.669195,178.484291649801,-1.56868441108721
2022-01-02 10:23:00,-82246341.9453999,177.29643374132,0.805273830066618
2022-01-02 10:23:30,-82198603.7946089,184.374136777174,-0.685899116131316
2022-01-02 10:24:00,-80558033.3783538,166.360416885326,-1.36927509579334
2022-01-02 10:24:30,-80919052.248466,167.417171390711,-0.978007441230359
2022-01-02 10:25:00,-81282893.0449307,172.524191162784,-1.36288921493696
2022-01-02 10:25:30,60052584.4616709,169.883030634521,-2.12045898421293
2022-01-02 10:26:00,59800732.9546961,177.439375376137,1.57241917110792
2022-01-02 10:26:30,59545249.9340064,187.24058959868,-0.850495318151612
2022-01-02 10:27:00,59286165.9320925,182.978473429541,2.29373234185419
2022-01-02 10:27:30,59023495.1190804,189.82351016883,0.0424869060624285
2022-01-02 10:28:00,58757237.0780324,184.331687950575,-1.73798400485024
2022-01-02 10:28:30,58487386.9957912,184.522784665757,-1.57765252293609
2022-01-02 10:29:00,58213925.10798,173.640089093443,-0.391339292470396
2022-01-02 10:29:30,57936885.1105507,168.927361963803,-2.18220440416603
2022-01-02 10:30:00,57656281.9430494,170.372697651327,1.70611287598803
2022-01-02 10:30:30,57372117.7877365,185.139889420527,0.889502513993518
2022-01-02 10:31:00,57084354.2923437,195.929576609242,0.997993210145392
2022-01-02 10:31:30,56793024.2254337,190.414492684038,-2.89896412215508
2022-01-02 10:32:00,56498098.4196039,176.705472643698,-2.26966020530966
2022-01-02 10:32:30,56199663.5198503,180.301774085957,1.5663066326816
2022-01-02 10:33:00,55897618.9861358,177.480237006391,2.31667887416345
2022-01-02 10:33:30,55592060.8664515,181.426198203861,1.78166800841551
2022-01-02 10:34:00,55282931.7601958,173.980269803829,-0.890659758333219
2022-01-02 10:34:30,54970295.7133525,196.879274353661,1.7970115633994
2022-01-02 10:35:00,54654099.5953792,185.973044151739,0.696436778525447
2022-01-02 10:35:30,54334372.8297097,185.417192112676,0.0983083868426843
2022-01-02 10:36:00,54011132.1031842,177.684686348326,-2.16008923739602
2022-01-02 10:36:30,53684387.1719295,200.932413128228,-2.60581464738438
2022-01-02 10:37:00,53354094.0080054,186.852967725585,-1.28451097360078
2022-01-02 10:37:30,53020309.7277872,184.629035097478,2.37152946565809
2022-01-02 10:38:00,52683045.9441866,199.342545649809,1.12566232339598
2022-01-02 10:38:30,52342265.0209853,183.168167266831,1.32396651497335
2022-01-02 10:39:00,51998035.6707013,178.587065044845,2.56392166052735
2022-01-02 10:39:30,51650322.8226804,178.607626824142,1.19080009742857
2022-01-02 10:40:00,51299136.8027775,182.074866418142,1.24727143089767
2022-01-02 10:40:30,50944493.638538,185.012043477186,-0.0886749351460532
2022-01-02 10:41:00,50586422.5123621,182.852120023909,1.23261999717207
2022-01-02 10:41:30,50224902.8242999,176.685129845388,-2.82242301687149
2022-01-02 10:42:00,49859930.9523157,178.854552910777,2.97371618010425
2022-01-02 10:42:30,49491564.6281056,181.635193117651,0.95451009784471
2022-01-02 10:43:00,49119796.0316515,191.293406048235,2.14949654522918
2022-01-02 10:43:30,48744619.0605092,202.791617856017,0.45623126839576
2022-01-02 10:44:00,48366024.8881018,196.584829420133,-0.385492073912851
2022-01-02 10:44:30,47984073.9803329,200.470281402053,-2.74162278703925
2022-01-02 10:45:00,47598756.8695467,199.963164027961,2.76973910871133
2022-01-02 10:45:30,47210081.1276797,199.687095452904,-1.4122110527221
2022-01-02 10:46:00,46818026.9936998,193.597613764143,2.65060644489406
2022-01-02 10:46:30,46422660.6474956,188.018247349026,-0.543328852758574
2022-01-02 10:47:00,46023973.6442121,197.947490358961,-0.589315827524595
2022-01-02 10:47:30,45621947.0031091,185.737672905297,2.38146099926271
2022-01-02 10:48:00,45216629.6290705,180.301774085957,0.725217940595648
2022-01-02 10:48:30,44808054.4066799,200.562622639086,2.19379736017073
2022-01-02 10:49:00,44396182.1538214,190.963339124091,-0.978990260112581
2022-01-02 10:49:30,43981047.5427402,197.26498327468,0.746359189586518
2022-01-02 10:50:00,43562672.5003322,184.565277499067,-2.11918488036564
2022-01-02 10:50:30,43141036.1554976,185.908822429202,0.969204094694086
2022-01-02 10:51:00,42716185.8326788,184.395364856081,0.787300878337639
2022-01-02 10:51:30,42288142.0828733,190.765572399007,-0.963453081982363
2022-01-02 10:52:00,41856906.314436,197.74249066066,-2.87470264707
2022-01-02 10:52:30,41422474.6726299,212.593508845045,-2.5179997542921
2022-01-02 10:53:00,40984856.424661,201.326062609718,3.09067639923196
2022-01-02 10:53:30,40544136.2613189,207.706458090949,-1.88884954337778
2022-01-02 10:54:00,40100243.2691202,216.995136430353,-0.405466633076156
2022-01-02 10:54:30,39653231.8537447,206.91882329489,-0.885348104789792
2022-01-02 10:55:00,39203098.9810371,192.930104705785,-0.0794640797486794
2022-01-02 10:55:30,38749900.4807739,205.021780120198,1.29329429233531
2022-01-02 10:56:00,38293603.1916609,198.975681109066,1.48755932548205
2022-01-02 10:56:30,37834271.6405189,193.731392458196,2.19829861498372
2022-01-02 10:57:00,37371889.1262539,189.757958772085,-0.709211062419344
2022-01-02 10:57:30,36906520.181978,205.470747078783,0.749474689518073
2022-01-02 10:58:00,36438082.2377828,202.44171135934,-0.597329091778315
2022-01-02 10:58:30,35966656.689584,198.426649848464,1.24806978088517
2022-01-02 10:59:00,35492279.4778404,200.886152056519,-1.75616704583019
2022-01-02 10:59:30,35014955.3988713,205.376146087284,1.46946495919556
2022-01-02 11:00:00,34534675.8342633,205.612730276178,2.30655242958508
2022-01-02 11:00:30,34051450.9515455,198.15270258051,-1.64374606092428
2022-01-02 11:01:00,33565361.937735,203.680756806934,1.69054810990365
2022-01-02 11:01:30,33076381.8701391,207.228746493697,-2.04688722302354
2022-01-02 11:02:00,32584529.5985244,216.172278433547,-0.289470579743891
2022-01-02 11:02:30,32089832.5966217,218.17249589883,3.02060224677604
2022-01-02 11:03:00,31592306.5733364,208.233212876617,-1.54050467764456
2022-01-02 11:03:30,31091954.3718551,204.385461499804,1.43676599000979
2022-01-02 11:04:00,30588812.8268501,206.300366731071,-1.47839602117394
2022-01-02 11:04:30,30082914.0908848,213.820824565368,3.0170168348873
2022-01-02 11:05:00,29574262.8134364,205.968117659736,0.722925894979369
2022-01-02 11:05:30,29062907.1809119,214.387766597351,2.12662622271893
2022-01-02 11:06:00,28548802.4595146,211.884896208665,0.193432937996525
2022-01-02 11:06:30,28032026.9366305,216.520987930793,-2.18749156695538
2022-01-02 11:07:00,27512570.7378006,215.923544111087,-2.32423569857105
2022-01-02 11:07:30,26990478.0601262,205.920697207692,-0.00199536426730779
2022-01-02 11:08:00,26465778.396512,209.749048797854,2.85620771215547
2022-01-02 11:08:30,25938438.9989163,209.001787280615,-1.36492703056311
2022-01-02 11:09:00,25408529.0939349,222.971830894677,0.0125284731329671
2022-01-02 11:09:30,24876070.1582719,221.411411209126,-2.95064818456766
2022-01-02 11:10:00,24341089.131806,228.2706103298,-2.16413422676535
2022-01-02 11:10:30,23803534.7412798,213.010003741125,1.36429530627853
2022-01-02 11:11:00,23263532.6442502,209.314830344745,1.34530591483865
2022-01-02 11:11:30,22721040.9175566,225.553723011767,-0.161965751652346
2022-01-02 11:12:00,-125511225.305805,204.950980333396,0.496752216860602
2022-01-02 11:12:30,-126052021.856007,210.838539912018,-2.29406081839108
2022-01-02 11:13:00,-126593561.919596,218.902136332249,-0.899209651500135
2022-01-02 11:13:30,-127135524.709644,210.25677560441,-1.2574013785706
2022-01-02 11:14:00,-127678180.772479,205.968117659736,2.5451891355954
2022-01-02 11:14:30,-128221301.027383,213.574795896422,0.828237260262088
2022-01-02 11:15:00,-128764956.017968,214.091783457046,-1.55364383162579
2022-01-02 11:15:30,-129308959.713087,211.081416535729,-0.781681477236096
2022-01-02 11:16:00,-129853502.852966,213.894688416952,0.899456152463372
2022-01-02 11:16:30,-130398380.47879,214.634731772398,1.10347110451766
2022-01-02 11:17:00,-130943565.076568,212.153401845367,2.21161161365695
2022-01-02 11:17:30,-131489194.094654,221.080276972321,-1.27758405559718
2022-01-02 11:18:00,-132035089.204346,225.372021414598,-0.681417447649548
2022-01-02 11:18:30,-132581242.697824,216.496061465747,-0.858439998158888
2022-01-02 11:19:00,-133127682.271648,217.921460066021,1.91071624897022
2022-01-02 11:19:30,-133674318.220973,216.520987930793,3.08311574360395
2022-01-02 11:20:00,-134221090.190152,206.514238382014,0.182553454717921
2022-01-02 11:20:30,-134768028.573086,231.312978056385,0.51423795502584
2022-01-02 11:21:00,-135315064.738763,233.480169540994,-2.68903999024278
2022-01-02 11:21:30,-135862271.557492,223.614519872252,-0.616181545290785
2022-01-02 11:22:00,-136409425.124607,217.170084334799,-1.84037608572113
2022-01-02 11:22:30,-136956681.323452,214.807776648715,1.11784832415771
2022-01-02 11:23:00,-137503839.795171,204.80945409882,1.27223483475385
2022-01-02 11:23:30,-138051181.665708,205.470747078783,0.240176432843035
2022-01-02 11:24:00,-138598273.209111,217.921460066021,-1.79215940861024
2022-01-02 11:24:30,-139145306.676848,212.985481469804,-2.29749777916039
2022-01-02 11:25:00,-139692283.384611,217.470323244035,-2.59152892801204
2022-01-02 11:25:30,-140238974.974372,229.324259593803,-0.510897438916036
2022-01-02 11:26:00,-140785670.83077,226.516582125459,-2.69690390095566
2022-01-02 11:26:30,-141331908.688122,224.87956887601,0.726795216664908
2022-01-02 11:27:00,-141877891.67917,219.230008148053,1.4061993493661
2022-01-02 11:27:30,-142423777.579292,226.777519156726,-1.35443478561982
2022-01-02 11:28:00,-142969250.521516,221.615432595972,0.43578413346547
2022-01-02 11:28:30,-143514308.944455,204.314881451717,2.05505804032906
2022-01-02 11:29:00,-144059017.470261,219.457283962061,1.71308732064774
2022-01-02 11:29:30,-144603237.739301,219.381499189791,-0.460571248382673
2022-01-02 11:30:00,-145147172.42291,218.474120647904,0.207861415362223
2022-01-02 11:30:30,-145690525.088951,213.993213245594,-1.44236997646559
2022-01-02 11:31:00,-120393491.23014,215.550979151703,-1.54168920983194
2022-01-02 11:31:30,-119919235.940635,210.547456823973,-1.07917095460143
2022-01-02 11:32:00,-119444085.551096,215.923544111087,2.27106916973329
2022-01-02 11:32:30,-118967902.002803,225.397969821124,2.05448693001101
2022-01-02 11:33:00,-97731372.4255695,222.84351492703,-0.10483085183789
2022-01-02 11:33:30,-118012761.898253,222.894832450506,-2.53861908428634
2022-01-02 11:34:00,-117533703.750411,215.302959714875,0.428661902985014
2022-01-02 11:34:30,-117053712.020576,213.796208950223,0.783325372536935
2022-01-02 11:35:00,-97392305.246678,216.620722493588,1.26214404853114
2022-01-02 11:35:30,-97306086.1824614,220.444871645106,2.45757548441039
2022-01-02 11:36:00,-115607909.21782,220.622600828233,-1.33539802750104
2022-01-02 11:36:30,-115124068.411561,219.129072241449,2.78628227035523
2022-01-02 11:37:00,-114639265.480623,217.670713082588,1.42210286103158
2022-01-02 11:37:30,-114153502.701132,225.268257657543,-1.42087488923706
2022-01-02 11:38:00,-96866680.8812715,226.438359578994,-0.522506823938742
2022-01-02 11:38:30,-96777124.7962399,226.777519156726,1.32234154422158
2022-01-02 11:39:00,-96687054.0373289,220.80047330189,2.61987410865033
2022-01-02 11:39:30,-112200864.647393,213.648574758037,-1.43141809635153
2022-01-02 11:40:00,-96505209.4101601,225.969591235183,-0.702117538139015
2022-01-02 11:40:30,-96413482.8694856,216.520987930793,-2.38374253040288
2022-01-02 11:41:00,-96321254.5149943,227.771824185732,1.37681001085946
2022-01-02 11:41:30,-96228486.1603791,236.156552391772,-1.49963531405038
2022-01-02 11:42:00,-96135180.0956576,220.978489181602,-0.736725435996456
2022-01-02 11:42:30,-96041364.2582313,218.32325618462,0.860879385316218
2022-01-02 11:43:00,-95946981.518719,231.792831124371,-2.40929277190097
2022-01-02 11:43:30,-95852103.3863871,224.362360219983,-0.375099275907596
2022-01-02 11:44:00,-95756716.1990078,227.483551557795,1.77613171648327
2022-01-02 11:44:30,-95660859.3925663,214.48651854918,2.30752688549494
2022-01-02 11:45:00,-95564449.1583513,214.733597482085,-2.93679679392845
2022-01-02 11:45:30,-95467494.9055869,221.743041419088,1.76667781397109
2022-01-02 11:46:00,-95370122.1795179,218.398675389578,-2.31314386681771
2022-01-02 11:46:30,-95272265.5073319,218.977755509858,0.0310681651412613
2022-01-02 11:47:00,-95173829.877378,220.013839476219,-3.00318549659886
2022-01-02 11:47:30,-95074921.4330756,222.561479666978,1.82119652491192
2022-01-02 11:48:00,-94975545.1188297,215.079986229812,-3.00656118045146
2022-01-02 11:48:30,-94875639.5316806,219.608932054606,-0.065796296965582
2022-01-02 11:49:00,-94775298.0764597,224.698410364016,-1.07993098743041
2022-01-02 11:49:30,-94674472.9292218,209.797350861925,-2.20731747584116
2022-01-02 11:50:00,-94573176.1103179,215.079986229812,-2.90193590209968
2022-01-02 11:50:30,-94471370.2010883,213.304491314658,2.83894681043254
2022-01-02 11:51:00,-94369112.0153171,216.795368534432,2.18384365974324
2022-01-02 11:51:30,-94266383.4192612,223.202985857428,0.700127123890967
2022-01-02 11:52:00,-94163164.7962729,217.695774792185,-0.845110938721491
2022-01-02 11:52:30,-94059517.8137557,218.021839718595,-1.28742093074837
2022-01-02 11:53:00,-93955401.6342927,220.16587215651,2.51150213241148
2022-01-02 11:53:30,-93850847.5719994,220.622600828233,-1.91290141159981
2022-01-02 11:54:00,-93745814.2414618,218.49927485854,1.69204139163922
2022-01-02 11:54:30,-93640311.9495987,238.451467745295,3.01941168264674
2022-01-02 11:55:00,-93534397.3367514,226.386226222174,1.97753588454354
2022-01-02 11:55:30,-93428020.4499801,222.100737165514,-1.74612866663957
2022-01-02 11:56:00,-93321186.8610724,227.876741143295,-1.15699895229231
2022-01-02 11:56:30,-93213945.1326328,234.09923796904,-0.835382294198714
2022-01-02 11:57:00,-93106238.0542024,233.937583784156,-0.119487582272595
2022-01-02 11:57:30,-92998118.4814677,224.853680149162,-1.59951888954811
2022-01-02 11:58:00,-92889538.1773089,218.348393025343,-1.02065339357653
2022-01-02 11:58:30,-92780559.9866364,220.292646305346,1.60405138559726
2022-01-02 11:59:00,-92671163.0588826,222.894832450506,1.99242181342551
2022-01-02 11:59:30,-92561312.6281343,219.83660069914,-2.78874052629326
2022-01-02 12:00:00,-92451044.5603759,231.792831124371,1.66006217541155
2022-01-02 12:00:30,-92340384.3080798,228.191782068065,2.45272820375939
2022-01-02 12:01:00,-92229285.2976237,221.258518438038,2.18058272461522
2022-01-02 12:01:30,-92117782.3379293,235.721936365101,-2.54936936127394
2022-01-02 12:02:00,-92005878.2945825,235.261033207193,-2.03634348195309
2022-01-02 12:02:30,-91893564.3545067,227.431177564333,-0.0336335172385526
2022-01-02 12:03:00,-91780834.6058908,230.834118371006,3.08738632414646
2022-01-02 12:03:30,-42028768.6414145,223.794804519636,-1.76775378468088
2022-01-02 12:04:00,-42676272.4540647,230.568513694729,1.79824200731211
2022-01-02 12:04:30,-43323185.4585816,227.719383822686,-0.730232922174308
2022-01-02 12:05:00,-91325980.4543523,227.509743077207,-1.39501789601293
2022-01-02 12:05:30,-91211256.449985,230.170679594266,-2.07117433655043
2022-01-02 12:06:00,-91096188.767046,215.575796803863,1.63923423195608
2022-01-02 12:06:30,-45903735.1145304,221.870723720895,-2.19822597073398
2022-01-02 12:07:00,-46546959.1775332,218.650260953222,2.26822318969606
2022-01-02 12:07:30,-47189360.7970985,212.324446200022,-0.202350800099298
2022-01-02 12:08:00,-47830909.4928774,222.817860596064,2.02084515751099
2022-01-02 12:08:30,-48471575.0769395,218.549591968601,1.42662963949048
2022-01-02 12:09:00,-49111324.9932386,218.222737756591,-0.844877724532836
2022-01-02 12:09:30,-49750128.6257551,223.177290143223,0.689601406060061
2022-01-02 12:10:00,-50387905.3424843,232.113286066398,-1.30252252394046
2022-01-02 12:10:30,-51024721.3978303,216.346562925511,2.32257003657226
2022-01-02 12:11:00,-51660488.9706659,204.220812633464,-1.14495862118806
2022-01-02 12:11:30,-52295152.7586954,220.495636796963,-0.385109828553616
2022-01-02 12:12:00,-52928703.040688,234.774000333854,1.75697636661803
2022-01-02 12:12:30,-53561148.8077873,229.720630715835,2.57334188097017
2022-01-02 12:13:00,-54192416.4238896,230.967035423918,0.301866569006697
2022-01-02 12:13:30,-54822498.627573,233.426414934169,2.20397246135535
2022-01-02 12:14:00,-55451316.859183,231.312978056385,-1.1252803278443
2022-01-02 12:14:30,-56078890.3570578,230.807544140776,2.4916966095734
2022-01-02 12:15:00,-56705176.120103,228.875865706236,-0.492670186982662
2022-01-02 12:15:30,-88839309.8961667,232.086564575021,-1.95311348033617
2022-01-02 12:16:00,-88717003.4900316,228.191782068065,2.25101735125793
2022-01-02 12:16:30,-88594366.2145741,234.207069479383,-1.9675360154814
2022-01-02 12:17:00,-88471431.7826383,231.286348698569,1.94386483291243
2022-01-02 12:17:30,-88348156.1504803,216.371472177911,1.48029604022844
2022-01-02 12:18:00,-88224531.0303889,226.490504941346,-1.35371669132975
2022-01-02 12:18:30,-88100573.2681159,229.535572340622,1.72881631318232
2022-01-02 12:19:00,-87976318.4397043,219.608932054606,0.284593064108753
2022-01-02 12:19:30,-87851748.0805606,207.897850934729,0.211836700309016
2022-01-02 12:20:00,-87726835.3144088,222.84351492703,-3.02910358100153
2022-01-02 12:20:30,-87601634.6647888,220.064505367824,-1.12991444489397
2022-01-02 12:21:00,-87476093.4003566,232.246939679405,2.0920803286193
2022-01-02 12:21:30,-87350301.008154,220.673406908459,-1.16875209814364
2022-01-02 12:22:00,-87224159.9618988,223.125907588948,-1.35072389402509
2022-01-02 12:22:30,-87097731.1426446,224.724281213739,-2.78622075703333
2022-01-02 12:23:00,-86970993.6142539,213.304491314657,2.89452416609523
2022-01-02 12:23:30,-86843950.5638577,219.735385510654,-0.0619908011485795
2022-01-02 12:24:00,-86716603.5066238,221.080276972321,-0.604562832076683
2022-01-02 12:24:30,-86588967.1312416,221.411411209126,-0.855510723016398
2022-01-02 12:25:00,-86461039.6232792,232.621579361048,0.999597565889187
2022-01-02 12:25:30,-86332838.2703919,236.428594240174,0.239477131540328
2022-01-02 12:26:00,-86204341.4640939,222.203041889548,-0.376941995582042
2022-01-02 12:26:30,-86075559.4112103,221.48789720926,1.50988564684172
2022-01-02 12:27:00,-85946500.2526791,222.024039534508,-2.24097794007926
2022-01-02 12:27:30,-85817163.4883841,224.698410364016,1.43695408707151
2022-01-02 12:28:00,-85687527.0022577,243.220400907382,-3.03936257115768
2022-01-02 12:28:30,-85557625.5117403,228.744152080972,-0.121885704865816
2022-01-02 12:29:00,-85427482.8361669,231.499469428717,-1.06357993683917
2022-01-02 12:29:30,-85297041.7182307,226.934225635506,1.12737919398744
2022-01-02 12:30:00,-85166377.2179869,228.717818453152,0.50597484050187
2022-01-02 12:30:30,-85035386.3720042,223.794804519636,-0.495326449523715
2022-01-02 12:31:00,-84904149.2353054,217.420254616173,-0.250138771805942
2022-01-02 12:31:30,-84772665.5433748,226.960353907793,1.50605381002985
2022-01-02 12:32:00,-84640916.192436,229.271461810446,-1.25571368642539
2022-01-02 12:32:30,-84508914.3502884,205.683758662789,-2.85368457402318
2022-01-02 12:33:00,-84376677.2106083,212.569034521711,-1.63197937313264
2022-01-02 12:33:30,-84244163.467272,216.820329460462,-0.266771545193845
2022-01-02 12:34:00,-84111409.2049415,215.302959714875,2.85638894128053
2022-01-02 12:34:30,-83978411.3327224,216.4711378703,-1.73797439521614
2022-01-02 12:35:00,-83845157.9945219,238.314243546625,-2.19376853543679
2022-01-02 12:35:30,-83711679.6324473,235.288120193817,2.4628256025742
2022-01-02 12:36:00,-83577980.2114035,221.64094848433,1.98371798608565
2022-01-02 12:36:30,-83444035.9731678,227.169488414052,1.27757525861369
2022-01-02 12:37:00,-83309864.9256746,217.896372374943,1.1860188756927
2022-01-02 12:37:30,-83074616.5847958,216.970155380085,0.785811609056588
2022-01-02 12:38:00,-83610203.9464494,208.617146137123,-1.57707272177765
2022-01-02 12:38:30,-84143158.9524682,210.450518459479,2.04421938466363
2022-01-02 12:39:00,-84673525.719412,204.950980333396,-1.05094535410867
2022-01-02 12:39:30,-82635504.8449458,212.104557342962,-0.445901280958843
2022-01-02 12:40:00,-82499990.397388,210.984232330313,-1.73904870841013
2022-01-02 12:40:30,-82364228.6299015,204.550243110935,-0.756494425074154
2022-01-02 12:41:00,-82228276.5472557,212.715922736298,2.0456599339032
2022-01-02 12:41:30,-87284968.0059662,205.139834119272,-0.727388362997346
2022-01-02 12:42:00,-87799033.6463538,210.911373541071,-1.27868379735349
2022-01-02 12:42:30,-88310279.6176136,206.966473600421,2.97213098865908
2022-01-02 12:43:00,-88818698.8961943,216.54591726577,0.199051328966172
2022-01-02 12:43:30,-89324298.9294865,211.421913916668,1.80424261857341
2022-01-02 12:44:00,-89827010.1968899,212.642465945657,1.91008134122284
2022-01-02 12:44:30,-90326822.721705,202.744928735881,-2.07310360126753
2022-01-02 12:45:00,-90823770.8115692,210.450518459479,-0.470652347807058
2022-01-02 12:45:30,-91317743.474298,209.604209319488,-1.67090127464476
2022-01-02 12:46:00,-80857369.6991276,213.279935141153,-0.458829548361075
2022-01-02 12:46:30,-92296778.5483285,216.172278433547,2.9064476973145
2022-01-02 12:47:00,-80580845.3941787,224.905460583578,0.860750314603093
2022-01-02 12:47:30,-93263788.0110294,220.343376401988,0.795262886470154
2022-01-02 12:48:00,-93742755.7238086,207.873917187871,0.298450066736503
2022-01-02 12:48:30,-94218673.3070365,208.089420139036,2.5863143924564
2022-01-02 12:49:00,-94691466.0190531,209.749048797854,0.719107211915658
2022-01-02 12:49:30,-95161156.1932065,216.695553562679,-2.50377858000297
2022-01-02 12:50:00,-95627709.7845089,217.070096839771,1.82990355591696
2022-01-02 12:50:30,-96091111.3200392,226.490504941346,-2.22285163416948
2022-01-02 12:51:00,-96551350.1146831,230.144181740851,2.30625543630667
2022-01-02 12:51:30,-97008381.0782923,226.620920889567,-2.32448012372726
2022-01-02 12:52:00,-97462247.9561411,221.105731245064,2.97152046708212
2022-01-02 12:52:30,-97912827.7084204,217.896372374943,3.00398963307019
2022-01-02 12:53:00,-98360130.4126866,219.078621716484,0.261741497697964
2022-01-02 12:53:30,-98804222.6453368,222.33098906514,-2.71658251709892
2022-01-02 12:54:00,-99244975.7962126,214.387766597351,-2.98453026047289
2022-01-02 12:54:30,-99682437.1983578,211.982495280645,2.39033686660383
2022-01-02 12:55:00,-100116564.902525,214.363085714349,-1.19140170416833
2022-01-02 12:55:30,-100547312.527007,217.120084831542,1.23603615799496
2022-01-02 12:56:00,-100974727.70362,228.191782068065,-0.260056907324785
2022-01-02 12:56:30,-101398772.039964,220.16587215651,1.29679551092352
2022-01-02 12:57:00,-101819395.511482,216.820329460462,-0.617518683641574
2022-01-02 12:57:30,-102236594.21567,223.640265927287,-2.10049498729312
2022-01-02 12:58:00,-102650334.744142,221.743041419088,-1.15967443561718
2022-01-02 12:58:30,-103060610.666936,208.257187991301,2.35172012043299
2022-01-02 12:59:00,-103467445.546131,215.352540761436,-2.56202058144473
2022-01-02 12:59:30,-103870738.049657,219.861911780118,-2.53342029740249
2022-01-02 13:00:00,-104270576.188163,225.501793326595,2.39146711190107
2022-01-02 13:00:30,-104666874.528,209.146210476817,-2.88467515897142
2022-01-02 13:01:00,-105059561.030421,229.034022172212,-2.87176842826514
2022-01-02 13:01:30,-105448746.349957,218.62508936067,-1.41019256700097
2022-01-02 13:02:00,-105834395.657983,209.918154691887,-1.37043457370535
2022-01-02 13:02:30,-106216390.428384,213.796208950223,2.67628557398009
2022-01-02 13:03:00,-106594759.977315,206.229125412352,0.263367186747587
2022-01-02 13:03:30,-106969524.170805,217.020120356835,2.94070950490563
2022-01-02 13:04:00,-107340630.023345,218.072046882494,0.861967019414884
2022-01-02 13:04:30,-107708108.911847,212.617985986252,0.349340722947183
2022-01-02 13:05:00,-108071904.59529,223.434380458597,1.09518375387754
2022-01-02 13:05:30,-108432035.238617,221.48789720926,-2.49907749004387
2022-01-02 13:06:00,-108788405.836156,221.233046576031,2.89082225572282
2022-01-02 13:06:30,-109141106.010505,211.689832851074,3.04050600270342
2022-01-02 13:07:00,-109490076.139698,213.820824565368,1.0232733019555
2022-01-02 13:07:30,-109835291.982026,216.820329460462,2.23127788150313
2022-01-02 13:08:00,-110176719.46833,222.100737165514,3.03456673546799
2022-01-02 13:08:30,-110514430.510112,212.373341339537,0.636674614929241
2022-01-02 13:09:00,-110848313.288241,220.470252759896,0.0425835364603828
2022-01-02 13:09:30,-111178389.042197,202.348504969196,-1.13762976255052
2022-01-02 13:10:00,-111504728.333505,203.586979946641,1.93273106244734
2022-01-02 13:10:30,-111827136.182835,200.401053375766,-3.11211652940878
2022-01-02 13:11:00,-112145776.272389,192.264897165168,2.25799743649252
2022-01-02 13:11:30,-112460515.634189,196.60746338791,0.214605331917885
2022-01-02 13:12:00,-112771427.131357,202.18549703456,-0.42400769883236
2022-01-02 13:12:30,-113078417.752854,206.371632659919,-0.894581678576908
2022-01-02 13:13:00,-113381569.465898,202.838317727958,-1.48292502955235
2022-01-02 13:13:30,-113680816.124787,206.252869784657,1.12481197063967
2022-01-02 13:14:00,-113976141.527622,198.358127545629,-2.00221559686659
2022-01-02 13:14:30,-114267512.750525,209.869824814909,-3.0728682942951
2022-01-02 13:15:00,-114554969.142268,200.608809206817,2.54637751934723
2022-01-02 13:15:30,-114838500.304337,199.825082065081,0.121294781816422
2022-01-02 13:16:00,-115118092.36033,206.704532645024,-2.75489970420575
2022-01-02 13:16:30,-115393687.817028,200.770545969039,1.14553150099502
2022-01-02 13:17:00,-115665291.035329,211.860503462679,1.17850377595481
2022-01-02 13:17:30,-115932969.367688,199.664106949792,-0.893398760342555
2022-01-02 13:18:00,-116196568.396869,204.479606159124,-1.44938727129145
2022-01-02 13:18:30,-116456224.413185,204.314881451717,1.4503008184199
2022-01-02 13:19:00,-116711824.742696,204.385461499804,1.0990864038323
2022-01-02 13:19:30,-116963427.564819,208.257187991301,2.14940330744542
2022-01-02 13:20:00,-117210993.231221,204.385461499804,0.267289925257278
2022-01-02 13:20:30,-117454491.324456,212.642465945657,0.737449332181303
2022-01-02 13:21:00,-117693955.922476,195.254027129865,0.897856901061916
2022-01-02 13:21:30,-117929333.594584,207.754289776976,-2.3694589135113
2022-01-02 13:22:00,-118160638.334999,202.092408608309,2.07402378424656
2022-01-02 13:22:30,-118387937.780226,217.695774792185,3.14047023970187
2022-01-02 13:23:00,-118611091.003757,211.787342072371,-2.75687686619641
2022-01-02 13:23:30,-118830151.271855,223.666014946617,0.230759819263928
2022-01-02 13:24:00,-119045113.618251,211.884896208665,-1.77990716053297
2022-01-02 13:24:30,-119255982.769643,216.620722493588,-0.949204859661124
2022-01-02 13:25:00,-119462721.765204,214.091783457046,1.98458240823234
2022-01-02 13:25:30,-119665336.393156,215.12951592892,1.23323048247619
2022-01-02 13:26:00,-119863767.013303,213.304491314658,-0.111730677441924
2022-01-02 13:26:30,-120058221.212925,197.469487940933,-2.29246546297509
2022-01-02 13:27:00,-120248385.979997,205.660079808051,-0.173030760101025
2022-01-02 13:27:30,-120434490.361708,199.526231496888,-2.88912823527978
2022-01-02 13:28:00,-120616378.488219,213.329050315459,0.915818716254274
2022-01-02 13:28:30,-120794009.075104,215.749600394674,2.26075244866609
2022-01-02 13:29:00,-120967710.047532,206.775938191944,-0.0538589680099425
2022-01-02 13:29:30,-121137178.756731,216.097628066075,1.31104746218577
2022-01-02 13:30:00,-121302336.229613,207.539133895749,-2.63603538458041
2022-01-02 13:30:30,-121463394.672067,200.678109001819,2.09367484669115
2022-01-02 13:31:00,-121620272.715251,194.334541485878,2.62124065834448
2022-01-02 13:31:30,-121772984.529855,196.06496672266,-2.65765757373707
2022-01-02 13:32:00,-121921437.00275,188.69048466628,-2.31129970394158
2022-01-02 13:32:30,-122065693.79028,197.015320721676,2.83582349201362
2022-01-02 13:33:00,-122205822.539347,198.838281039675,1.68547654700481
2022-01-02 13:33:30,-122341599.207799,191.601983206846,-1.63167191851512
2022-01-02 13:34:00,-122473236.263614,187.00361412108,0.3278834321104
2022-01-02 13:34:30,-122600706.751822,191.227347055102,3.10318722744837
2022-01-02 13:35:00,-122723959.569125,204.361932108447,1.24886986033606
2022-01-02 13:35:30,-122843033.892932,201.604397066436,-0.430180348300836
2022-01-02 13:36:00,-122957833.9073,208.329129899,-0.365801001833099
2022-01-02 13:36:30,-123068297.467193,205.352502645715,0.755191808453162
2022-01-02 13:37:00,-49405204.8209215,198.038669540232,2.75381203666285
2022-01-02 13:37:30,-48539998.8594466,192.22063163301,1.53211771107484
2022-01-02 13:38:00,-47673982.0175999,209.411245585089,0.659890523622426
2022-01-02 13:38:30,-46807216.4194119,196.879274353661,0.844953164660362
2022-01-02 13:39:00,-45939644.738487,199.457329477584,2.86503332159492
2022-01-02 13:39:30,-65510289.1497549,187.62901558379,-2.14610263008635
2022-01-02 13:40:00,30715.2491684057,193.575326298163,3.03938691190899
2022-01-02 13:40:30,30902.1674389135,202.534960682497,1.46209820425057
2022-01-02 13:41:00,31072.2390234157,198.792502104188,1.88767941266953
2022-01-02 13:41:30,31247.4324501558,212.91193159295,1.15191755176407
2022-01-02 13:42:00,31423.3155623124,205.683758662789,1.10584110727377
2022-01-02 13:42:30,31592.7573618347,190.546071796325,0.901637335784292
2022-01-02 13:43:00,31764.4049786546,201.071260272562,2.90325086174145
2022-01-02 13:43:30,31945.0612176143,187.262147709161,1.34711591330822
2022-01-02 13:44:00,32102.298557508,177.418948089016,1.50482312752377
2022-01-02 13:44:30,32287.6225747099,170.313863167188,-1.66671888603703
2022-01-02 13:45:00,32449.5293694687,188.69048466628,-3.12274211382528
2022-01-02 13:45:30,32623.6165375783,175.913836408265,1.31842270192912
2022-01-02 13:46:00,32796.1370979035,181.677020981881,-2.09020557396502
2022-01-02 13:46:30,32960.1720070331,182.620698682171,-1.41811443104768
2022-01-02 13:47:00,33114.8070616251,187.845155867413,2.42049278864175
2022-01-02 13:47:30,33294.779061339,181.384428087062,0.180118594395597
2022-01-02 13:48:00,33464.2420144985,173.86012999071,-0.00293154000588623
2022-01-02 13:48:30,-105147141.064846,179.019359926501,-1.586197029855
2022-01-02 13:49:00,-104468072.641747,180.821471853955,-0.981541828421302
2022-01-02 13:49:30,-103789466.967455,184.077200146895,1.83001928498207
2022-01-02 13:50:00,-103111261.741763,185.71629029636,0.0336537283366801
2022-01-02 13:50:30,-102433492.145925,186.745437463735,2.43040597863132
2022-01-02 13:51:00,-101756173.394278,172.504329724584,0.0891247838691215
2022-01-02 13:51:30,-101079303.654407,183.442516711773,1.12540922893869
2022-01-02 13:52:00,-100402961.842048,169.297287558431,2.02174800856382
2022-01-02 13:52:30,-99727049.2062383,163.060961934642,0.998137377471611
2022-01-02 13:53:00,-99051696.3357106,165.101112622796,-0.587262472674202
2022-01-02 13:53:30,-98376839.4237636,172.325679641752,-1.75960362406549
2022-01-02 13:54:00,-97702474.4198207,173.980269803829,1.53169026743017
2022-01-02 13:54:30,-97028657.8740223,196.924612701456,3.00196139759938
2022-01-02 13:55:00,-96355468.7087295,182.074866418142,-0.872927608379802
2022-01-02 13:55:30,-95682763.863761,177.786999321051,1.0203130439291
2022-01-02 13:56:00,-95010696.9224835,172.345520510916,-0.388421302211948
2022-01-02 13:56:30,-94339108.4627737,170.568959423939,-2.75664007294711
2022-01-02 13:57:00,-93668268.6901318,178.155814066289,0.170310181345043
2022-01-02 13:57:30,-92998011.683324,163.2300072819,-1.61552535223123
2022-01-02 13:58:00,-92328361.6469874,167.494287602644,-0.902857367220606
2022-01-02 13:58:30,-91659344.5963731,179.514692710316,1.42580438424124
2022-01-02 13:59:00,-90991001.0980535,173.440293586704,2.50299933238334
2022-01-02 13:59:30,-97537686.799268,166.073370550406,0.051191527450365
2022-01-02 14:00:00,-89656279.1676829,176.096206334275,-0.0550636435836558
2022-01-02 14:00:30,-88989950.5995013,174.100492635261,2.99447688749817
2022-01-02 14:01:00,-88324376.6422501,175.428439424965,-0.867861499661592
2022-01-02 14:01:30,-94038856.1740182,162.386529412186,1.23902656451175
2022-01-02 14:02:00,-93159145.4074607,163.85134095976,-3.05245945680412
2022-01-02 14:02:30,-92277460.8078471,167.320826053,-0.147890547969456
2022-01-02 14:03:00,-91393878.5388334,159.147565664386,2.9041157779767
2022-01-02 14:03:30,-90508436.7150512,179.39073117342,-0.595145715109045
2022-01-02 14:04:00,-89621122.4082984,181.509767296772,2.28252719953131
2022-01-02 14:04:30,-88731993.4901036,166.130740167323,-2.35209698313573
2022-01-02 14:05:00,-87841145.8682441,148.115326414855,2.69053995670467
2022-01-02 14:05:30,-86948428.9423437,165.82499772034,-1.63518904133781
2022-01-02 14:06:00,-86054064.6347121,165.786819499159,1.50944805849141
2022-01-02 14:06:30,-85158009.072838,164.740355943575,-0.551705404674671
2022-01-02 14:07:00,-84260261.747181,161.28723621704,-1.02592353599281
2022-01-02 14:07:30,-83360901.469027,174.341187582571,2.95691668527639
2022-01-02 14:08:00,-82459968.3824638,160.250723888142,2.66865410789614
2022-01-02 14:08:30,-81557447.3093481,164.968110447273,0.721061216457632
2022-01-02 14:09:00,-80653385.171957,163.418040992783,0.457343449969718
2022-01-02 14:09:30,-79747867.245496,160.62013995886,-1.71629569120631
2022-01-02 14:10:00,-78840865.0272138,151.94975354069,-2.42984608538595
2022-01-02 14:10:30,-85218002.4560494,156.982051389161,-2.08160384316699
2022-01-02 14:11:00,-84023077.3881841,145.931820389369,-0.629087345365701
2022-01-02 14:11:30,-82827440.6996065,151.025401857501,2.44420176611924
2022-01-02 14:12:00,-81631036.2121067,161.733505579985,0.484620230941007
2022-01-02 14:12:30,-80434035.0968719,166.935998831921,-1.74983037816081
2022-01-02 14:13:00,-79236392.3831616,167.64862660739,3.01247841403462
2022-01-02 14:13:30,-78038190.64314,164.683466465434,1.31442083841046
2022-01-02 14:14:00,-76839474.1271351,152.212388180435,-0.828848637055629
2022-01-02 14:14:30,-75640225.3791361,146.386153755062,1.47231025136327
2022-01-02 14:15:00,-74440448.7877698,142.445915245373,-2.45391467700562
2022-01-02 14:15:30,-73240228.5792888,138.0702146422,-2.5859964746238
2022-01-02 14:16:00,-72039551.9420597,145.495646962744,1.32132777142845
2022-01-02 14:16:30,-70838554.8606538,134.091114365473,-1.0528071776605
2022-01-02 14:17:00,-69637249.4996227,122.786324687054,-3.02339692665996
2022-01-02 14:17:30,-68435554.8802813,116.842273816733,0.990019800070836
2022-01-02 14:18:00,-67233494.6291498,131.598215441932,-0.0727064356611559
2022-01-02 14:18:30,-66031222.7210776,132.083935364336,-3.10679240197427
2022-01-02 14:19:00,-64828666.8632816,130.872982566136,1.34869182146019
2022-01-02 14:19:30,-63625959.2866634,131.886395802611,0.443365680740257
2022-01-02 14:20:00,-62423060.5664324,129.404685022418,2.18609305215558
2022-01-02 14:20:30,-61219996.4970123,138.340709917487,-0.367993760177658
2022-01-02 14:21:00,-60016825.6385541,146.453582595026,-2.94719268031416
2022-01-02 14:21:30,-58813597.9677232,140.993794935872,1.0204986638443
2022-01-02 14:22:00,-57610306.5129315,135.909557975501,-0.342887663487005
2022-01-02 14:22:30,-56407054.6611001,114.327313915866,2.67306293796939
2022-01-02 14:23:00,-55203721.9514228,104.68874655491,-1.41773488099724
2022-01-02 14:23:30,-54000474.2523036,104.917999213389,-2.55449647565252
2022-01-02 14:24:00,-52797290.257811,112.551166379769,1.71915370375298
2022-01-02 14:24:30,-52048089.5150805,121.283019289469,1.72904145260786
2022-01-02 14:25:00,-51112424.7686239,124.136643949604,-0.347705954120347
2022-01-02 14:25:30,-50176365.5673654,114.208913501606,2.47285960050016
2022-01-02 14:26:00,-49239858.3062504,118.522280719571,0.963939438084198
2022-01-02 14:26:30,-46783607.5683937,130.106801363285,-2.51441301094055
2022-01-02 14:27:00,-47365769.9006266,149.55467727444,-2.59519452330129
2022-01-02 14:27:30,-44379800.6645285,148.696244486895,2.20418731041234
2022-01-02 14:28:00,-43178328.7191076,147.434798306137,-2.82801597134568
2022-01-02 14:28:30,-44552462.930967,137.293507410171,1.86999011380625
2022-01-02 14:29:00,-43614208.1034279,138.947264147813,1.20197869430927
2022-01-02 14:29:30,-42675841.5856271,144.643859010688,-0.873106540259835
2022-01-02 14:30:00,-41737330.7871804,130.541921209837,3.10237738159594
2022-01-02 14:30:30,-40798664.1711403,126.284485731311,-0.467363287507537
2022-01-02 14:31:00,-39859970.2464657,126.633905178993,-1.86121074025814
2022-01-02 14:31:30,-38921261.4427735,105.063048959719,-0.942411193539738
2022-01-02 14:32:00,-37982481.4509829,108.817814681639,2.04944837503444
2022-01-02 14:32:30,-37043751.7497742,109.446026781508,-1.26697670617786
2022-01-02 14:33:00,-36105132.4249037,108.605045029409,-1.86240453144443
2022-01-02 14:33:30,-35166555.7008693,101.659975335685,-1.07637134190091
2022-01-02 14:34:00,-34228162.3787863,102.920052719443,-1.47991558697051
2022-01-02 14:34:30,-33289878.3138113,106.21845986687,1.95676766076376
2022-01-02 14:35:00,-32351813.7486617,105.815673377976,-0.478074106369681
2022-01-02 14:35:30,-31413977.0471581,109.9891890483,1.70129461817775
2022-01-02 14:36:00,-30476425.9735392,111.544972306285,0.996117397856988
2022-01-02 14:36:30,-29539129.9729953,119.233968788597,2.82846281640606
2022-01-02 14:37:00,-28602187.1314257,119.92231400236,-2.92297419358933
2022-01-02 14:37:30,-27665648.3741756,122.377055647183,1.93149948247107
2022-01-02 14:38:00,-26729453.0454315,115.757729543206,2.64947389341064
2022-01-02 14:38:30,-25793710.225833,118.97343480462,-3.03554063004406
2022-01-02 14:39:00,-24858463.9419169,105.560150321593,-2.60141282522082
2022-01-02 14:39:30,-23923632.2245161,109.837338286987,-2.0435701959794
2022-01-02 14:40:00,-22989401.2917689,111.019687362348,0.91540838925223
2022-01-02 14:40:30,-22055719.7611504,114.459013898296,1.10937999149036
2022-01-02 14:41:00,-21122655.1328098,115.119792996648,0.153233884966254
2022-01-02 14:41:30,-20190176.0142943,111.352507199027,-1.97650384624818
2022-01-02 14:42:00,-19258422.23012,103.514216667934,-0.591087135385959
2022-01-02 14:42:30,-18327262.2773868,103.800632534507,-2.41769262052707
2022-01-02 14:43:00,-17396916.2631831,111.90513100824,-1.36873768609824
2022-01-02 14:43:30,-16467261.0162264,117.449182977045,0.0633539963977264
2022-01-02 14:44:00,-15538488.4329165,113.35743230256,-1.52225810336921
2022-01-02 14:44:30,-14610528.2328707,111.058038826602,1.3229556747345
2022-01-02 14:45:00,-13683370.7021861,112.124365904749,-0.536657733675287
2022-01-02 14:45:30,-12757153.8120384,104.954242865232,-0.559012021636191
2022-01-02 14:46:00,-11831849.7121217,97.9151739969109,-2.30972770958446
2022-01-02 14:46:30,-10907475.8611552,88.7258155528124,1.88521707148744
2022-01-02 14:47:00,-9984144.56602835,89.4334531932558,0.249897996754249
2022-01-02 14:47:30,-9061811.78455717,89.0943164118855,-0.872612941802154
2022-01-02 14:48:00,-8140572.32503823,86.2184081072702,-2.04283267537738
2022-01-02 14:48:30,-7220384.08417446,92.0343607179961,1.14342403472702
2022-01-02 14:49:00,-6301346.42654423,88.8484795107155,-2.71382689774344
2022-01-02 14:49:30,-5383425.67018399,92.7683858430674,1.21782216956919
2022-01-02 14:50:00,-4466705.87984997,80.5378441199066,-2.01134661201684
2022-01-02 14:50:30,-3551248.02684216,80.1216713198143,2.02559043075581
2022-01-02 14:51:00,-2636954.80230918,76.1465094318583,-2.45985082676419
2022-01-02 14:51:30,-1723997.64290789,79.542639814536,1.59123196272548
2022-01-02 14:52:00,-812279.084336499,85.0648224755833,-1.4541949364045
2022-01-02 14:52:30,97971.2576706426,89.2791403739024,-2.45082420868758
2022-01-02 14:53:00,1006982.90592808,93.3146862109729,1.92948763252216
2022-01-02 14:53:30,1914470.27797455,103.71701280761,2.56443285424699
2022-01-02 14:54:00,2820534.90583842,97.0733461153507,0.455074891282919
2022-01-02 14:54:30,-23226139.1159255,99.2087550964689,0.947255726806588
2022-01-02 14:55:00,-22689636.2568125,93.831789717807,1.4625445800641
2022-01-02 14:55:30,-22154622.40734,105.063048959719,2.08311077218706
2022-01-02 14:56:00,-21621196.6899317,114.551294144554,-2.06568984972368
2022-01-02 14:56:30,-21089238.5101347,111.173172728159,2.79644533907423
2022-01-02 14:57:00,8224928.55503622,106.78247925391,0.226896469176967
2022-01-02 14:57:30,9120069.87943766,107.275364783553,1.27332526603412
2022-01-02 14:58:00,10013439.7030612,102.506168344425,2.67723277241453
2022-01-02 14:58:30,10905148.5720885,100.161310922831,1.88746517138523
2022-01-02 14:59:00,11795048.2655312,89.5880327316449,1.47948139958557
2022-01-02 14:59:30,12683220.9080662,82.6228173743599,1.89654939533036
2022-01-02 15:00:00,13569564.5533464,84.0040065263769,1.72328698959659
2022-01-02 15:00:30,14454038.8279798,87.6597040321279,-1.71458592504122
2022-01-02 15:01:00,15336628.0396679,88.5421370732149,1.02337327037191
2022-01-02 15:01:30,16217338.9520808,95.3783928087483,-2.14872120482543
2022-01-02 15:02:00,17096107.4620565,89.7118887098306,0.0641923281154499
2022-01-02 15:02:30,17972953.6699212,95.3125304997604,2.62969892337976
2022-01-02 15:03:00,-14313167.3111419,85.2707337343629,-2.06634839953394
2022-01-02 15:03:30,-13802725.5616047,82.1107464085088,-0.00798121810345007
2022-01-02 15:04:00,-13293866.7648008,79.6526079783779,2.46035015950087
2022-01-02 15:04:30,-12786432.6540153,78.6774000648678,0.242542531857828
2022-01-02 15:05:00,-12280686.0509712,77.0193767609796,0.693841087985406
2022-01-02 15:05:30,23190689.062707,75.5527018823197,-1.26897108860339
2022-01-02 15:06:00,24052901.3588827,79.3962517269857,0.923426825268132
2022-01-02 15:06:30,24912895.0533879,80.9282221844374,2.47856778167606
2022-01-02 15:07:00,25770660.6839574,84.6837341322241,0.217371678270761
2022-01-02 15:07:30,26626125.6205493,83.1955313840021,-3.09197949492395
2022-01-02 15:08:00,27479319.9879018,80.6213377266233,-2.45748891041375
2022-01-02 15:08:30,28330158.5065005,82.1674860976434,-1.47726191741048
2022-01-02 15:09:00,29178691.0498657,86.1886344661044,-0.543260684734426
2022-01-02 15:09:30,30024837.3219079,87.7202781295995,1.72983423978203
2022-01-02 15:10:00,30868523.4949758,75.9801243515851,0.629409946753977
2022-01-02 15:10:30,31709836.5788354,67.5616115084155,1.4838235633104
2022-01-02 15:11:00,32548666.039535,71.2114780523841,0.573273466484216
2022-01-02 15:11:30,33384971.4400156,64.8186527474079,1.44299781012335
2022-01-02 15:12:00,34218784.5034238,64.3724442804745,-1.88296857928309
2022-01-02 15:12:30,35050088.2847015,62.2371934261533,-1.21694258039284
2022-01-02 15:13:00,35878745.9146756,54.563221016639,-1.48120584824072
2022-01-02 15:13:30,36704829.5548789,55.5584345143369,0.370736020216024
2022-01-02 15:14:00,37528304.5840645,54.0567585269443,1.13356267164172
2022-01-02 15:14:30,38349110.8420832,61.1223438898411,-2.80420739070274
2022-01-02 15:15:00,39167255.0923179,54.4126653615446,1.60399417125364
2022-01-02 15:15:30,39982605.4245397,53.321210472698,1.82845924115754
2022-01-02 15:16:00,40795260.8558855,44.6375140604447,2.63854500862408
2022-01-02 15:16:30,41605141.578173,35.5877064848793,-0.375707035020679
2022-01-02 15:17:00,42412226.9348233,33.7520378967926,-2.73813457438943
2022-01-02 15:17:30,43216513.9328408,36.753609777148,-1.1585478252189
2022-01-02 15:18:00,44017956.9999007,36.753609777148,2.77302533426891
2022-01-02 15:18:30,44816530.9303063,35.929402912035,2.70044432477496
2022-01-02 15:19:00,45612133.3901806,33.8103759599165,3.10398234131747
2022-01-02 15:19:30,46404908.7430507,27.7108597308554,-2.44928090650685
2022-01-02 15:20:00,47194660.6984299,26.4119216327174,-2.9047170571103
2022-01-02 15:20:30,47981437.9423259,24.235389282619,0.158199192535589
2022-01-02 15:21:00,48765228.8317708,21.4363085714349,1.37968534434401
2022-01-02 15:21:30,49546047.628016,25.0495541277255,2.45462195786927
2022-01-02 15:22:00,50323748.6969643,24.7058613603843,2.26217413304812
2022-01-02 15:22:30,51098443.698013,28.5397391898142,-0.635596526657293
2022-01-02 15:23:00,51869939.0494546,19.5433945577539,1.24153245013952
2022-01-02 15:23:30,52638380.1679823,21.7620598318573,2.51380679742216
2022-01-02 15:24:00,53403770.9062847,25.014970784601,0.750729788762462
